ip,port,type,country,code,city,anonymity,timeout,isGoogle,lastcheck
208.123.76.34,8080,1256,United States,US,Boulder,3,1.1,True,"{'date': '2019-06-25 20:03:02.000000', 'timezone_type': 3, 'timezone': 'Europe/Paris'}"
27.123.1.185,8080,12,Indonesia,ID,Jakarta,1,4,True,"{'date': '2019-06-25 20:03:00.000000', 'timezone_type': 3, 'timezone': 'Europe/Paris'}"
187.115.10.50,20183,2,Brazil,BR,Niterói,3,3.7,True,"{'date': '2019-06-25 20:02:56.000000', 'timezone_type': 3, 'timezone': 'Europe/Paris'}"
165.22.243.242,8080,1,United States,US,New York,1,2.1,True,"{'date': '2019-06-25 20:02:52.000000', 'timezone_type': 3, 'timezone': 'Europe/Paris'}"
43.248.73.86,53281,6,India,IN,Nagpur,3,4.5,True,"{'date': '2019-06-25 20:02:52.000000', 'timezone_type': 3, 'timezone': 'Europe/Paris'}"
103.44.136.9,46706,1,India,IN,New Delhi,3,8,True,"{'date': '2019-06-25 20:02:50.000000', 'timezone_type': 3, 'timezone': 'Europe/Paris'}"
88.81.238.245,31752,16,Ukraine,UA,Kyiv,3,2.8,True,"{'date': '2019-06-25 20:02:47.000000', 'timezone_type': 3, 'timezone': 'Europe/Paris'}"
59.152.10.181,8080,6,Bangladesh,BD,,3,4.2,True,"{'date': '2019-06-25 20:02:45.000000', 'timezone_type': 3, 'timezone': 'Europe/Paris'}"
180.250.172.14,3128,12,Indonesia,ID,Sidoarjo,1,6.2,True,"{'date': '2019-06-25 20:02:44.000000', 'timezone_type': 3, 'timezone': 'Europe/Paris'}"
103.16.63.125,57051,16,Cambodia,KH,Phnom Penh,3,3.2,True,"{'date': '2019-06-25 20:02:42.000000', 'timezone_type': 3, 'timezone': 'Europe/Paris'}"
138.186.23.66,49095,126,Colombia,CO,,3,5.5,True,"{'date': '2019-06-25 20:02:39.000000', 'timezone_type': 3, 'timezone': 'Europe/Paris'}"
167.99.67.234,3128,6,Singapore,SG,Singapore,3,2.7,True,"{'date': '2019-06-25 20:02:38.000000', 'timezone_type': 3, 'timezone': 'Europe/Paris'}"
103.78.74.170,3128,26,Indonesia,ID,Jakarta,3,3.9,True,"{'date': '2019-06-25 20:02:35.000000', 'timezone_type': 3, 'timezone': 'Europe/Paris'}"
109.111.237.214,8888,2,Serbia,RS,,3,3.4,True,"{'date': '2019-06-25 20:02:31.000000', 'timezone_type': 3, 'timezone': 'Europe/Paris'}"
1.186.40.9,54754,126,India,IN,Mumbai,3,3.9,True,"{'date': '2019-06-25 20:02:28.000000', 'timezone_type': 3, 'timezone': 'Europe/Paris'}"
149.54.10.226,8080,16,Afghanistan,AF,,3,6,True,"{'date': '2019-06-25 20:02:24.000000', 'timezone_type': 3, 'timezone': 'Europe/Paris'}"
79.127.36.146,41513,6,Iran,IR,,3,3.2,True,"{'date': '2019-06-25 20:02:17.000000', 'timezone_type': 3, 'timezone': 'Europe/Paris'}"
190.214.26.90,53281,1,Ecuador,EC,,3,4.8,True,"{'date': '2019-06-25 20:02:17.000000', 'timezone_type': 3, 'timezone': 'Europe/Paris'}"
1.20.101.62,61405,16,Thailand,TH,,3,2.2,True,"{'date': '2019-06-25 20:02:12.000000', 'timezone_type': 3, 'timezone': 'Europe/Paris'}"
187.216.83.179,8080,26,Mexico,MX,Ciudad Obregón,3,6.2,True,"{'date': '2019-06-25 20:02:12.000000', 'timezone_type': 3, 'timezone': 'Europe/Paris'}"
